{
  "metadata": [
    {
      "src": [
        {
          "files": [
            "*.csproj"
          ],
          "cwd": ".",
          "exclude": [
            "**/obj/**",
            "**/bin/**",
            "_site/**"
          ]
        }
      ],
      "dest": "obj/api"
    }
  ],
  "build": {
    "content": [
      {
        "files": [
          "api/**.yml"
        ],
        "cwd": "obj"
      },
      {
        "files": [
          "api/*.md",
          "articles/**.md",
          "toc.yml",
          "*.md"
        ],
        "exclude": [
          "obj/**",
          "_site/**"
        ]
      }
    ],
    "resource": [
      {
        "files": [
          "images/**"
        ],
        "exclude": [
          "obj/**",
          "_site/**"
        ]
      }
    ],
    "overwrite": [
      {
        "files": [
          "apidoc/**.md"
        ],
        "exclude": [
          "obj/**",
          "_site/**"
        ]
      }
    ],
    "dest": "_site",
    "template": [
      "default"
    ]
  }
}